{"<class 'sklearn.ensemble._forest.RandomForestClassifier'>": {"0.1": [[0.8333333333333334, -1], [0.5, -1], [0.5, -1], [0.8333333333333334, -1], [0.5, -1], [0.6666666666666666, -1], [0.6666666666666666, -1], [0.8333333333333334, -1], [0.6666666666666666, -1], [0.8333333333333334, -1]], "0.15": [[0.75, -1], [0.75, -1], [0.25, -1], [0.625, -1], [0.75, -1], [0.625, -1], [0.5, -1], [0.625, -1], [0.625, -1], [0.625, -1]], "0.2": [[0.5454545454545454, -1], [0.6363636363636364, -1], [0.2727272727272727, -1], [0.7272727272727273, -1], [0.5454545454545454, -1], [0.6363636363636364, -1], [0.6363636363636364, -1], [0.5454545454545454, -1], [0.7272727272727273, -1], [0.6363636363636364, -1]], "0.25": [[0.5384615384615384, -1], [0.6153846153846154, -1], [0.46153846153846156, -1], [0.5384615384615384, -1], [0.46153846153846156, -1], [0.6153846153846154, -1], [0.6923076923076923, -1], [0.6153846153846154, -1], [0.6923076923076923, -1], [0.7692307692307693, -1]], "0.3": [[0.75, -1], [0.6875, -1], [0.5, -1], [0.6875, -1], [0.625, -1], [0.625, -1], [0.5625, -1], [0.5, -1], [0.6875, -1], [0.8125, -1]], "0.35": [[0.7368421052631579, -1], [0.5789473684210527, -1], [0.47368421052631576, -1], [0.631578947368421, -1], [0.6842105263157895, -1], [0.6842105263157895, -1], [0.631578947368421, -1], [0.5263157894736842, -1], [0.5789473684210527, -1], [0.6842105263157895, -1]], "0.4": [[0.7619047619047619, -1], [0.6190476190476191, -1], [0.5238095238095238, -1], [0.6190476190476191, -1], [0.7619047619047619, -1], [0.6666666666666666, -1], [0.6190476190476191, -1], [0.6666666666666666, -1], [0.5714285714285714, -1], [0.6190476190476191, -1]]}, "<class 'xgboost.sklearn.XGBClassifier'>": {"0.1": [[0.5, -1], [0.3333333333333333, -1], [0.16666666666666666, -1], [0.8333333333333334, -1], [0.6666666666666666, -1], [0.6666666666666666, -1], [1.0, -1], [0.6666666666666666, -1], [0.6666666666666666, -1], [0.5, -1]], "0.15": [[0.625, -1], [0.5, -1], [0.25, -1], [0.875, -1], [0.75, -1], [0.5, -1], [0.75, -1], [0.625, -1], [0.5, -1], [0.5, -1]], "0.2": [[0.6363636363636364, -1], [0.45454545454545453, -1], [0.2727272727272727, -1], [0.6363636363636364, -1], [0.5454545454545454, -1], [0.36363636363636365, -1], [0.6363636363636364, -1], [0.45454545454545453, -1], [0.45454545454545453, -1], [0.7272727272727273, -1]], "0.25": [[0.7692307692307693, -1], [0.38461538461538464, -1], [0.46153846153846156, -1], [0.5384615384615384, -1], [0.3076923076923077, -1], [0.6153846153846154, -1], [0.5384615384615384, -1], [0.46153846153846156, -1], [0.6153846153846154, -1], [0.6923076923076923, -1]], "0.3": [[0.6875, -1], [0.5625, -1], [0.3125, -1], [0.5625, -1], [0.5, -1], [0.5625, -1], [0.5, -1], [0.4375, -1], [0.6875, -1], [0.75, -1]], "0.35": [[0.7894736842105263, -1], [0.631578947368421, -1], [0.5263157894736842, -1], [0.5789473684210527, -1], [0.5789473684210527, -1], [0.631578947368421, -1], [0.5789473684210527, -1], [0.5789473684210527, -1], [0.6842105263157895, -1], [0.5789473684210527, -1]], "0.4": [[0.7619047619047619, -1], [0.5714285714285714, -1], [0.5238095238095238, -1], [0.6190476190476191, -1], [0.6190476190476191, -1], [0.6666666666666666, -1], [0.6666666666666666, -1], [0.6190476190476191, -1], [0.5714285714285714, -1], [0.5714285714285714, -1]]}, "<class 'sklearn.linear_model._logistic.LogisticRegression'>": {"0.1": [[0.5, -1], [0.6666666666666666, -1], [0.6666666666666666, -1], [0.8333333333333334, -1], [0.5, -1], [0.6666666666666666, -1], [0.5, -1], [0.3333333333333333, -1], [0.8333333333333334, -1], [0.8333333333333334, -1]], "0.15": [[0.5, -1], [0.5, -1], [0.625, -1], [0.875, -1], [0.625, -1], [0.625, -1], [0.625, -1], [0.375, -1], [0.75, -1], [0.625, -1]], "0.2": [[0.7272727272727273, -1], [0.5454545454545454, -1], [0.7272727272727273, -1], [0.8181818181818182, -1], [0.5454545454545454, -1], [0.45454545454545453, -1], [0.6363636363636364, -1], [0.45454545454545453, -1], [0.7272727272727273, -1], [0.45454545454545453, -1]], "0.25": [[0.6153846153846154, -1], [0.6923076923076923, -1], [0.7692307692307693, -1], [0.8461538461538461, -1], [0.5384615384615384, -1], [0.5384615384615384, -1], [0.6153846153846154, -1], [0.5384615384615384, -1], [0.6923076923076923, -1], [0.46153846153846156, -1]], "0.3": [[0.75, -1], [0.6875, -1], [0.5625, -1], [0.9375, -1], [0.5625, -1], [0.5625, -1], [0.625, -1], [0.5625, -1], [0.75, -1], [0.625, -1]], "0.35": [[0.6842105263157895, -1], [0.5263157894736842, -1], [0.5789473684210527, -1], [0.7894736842105263, -1], [0.5789473684210527, -1], [0.5789473684210527, -1], [0.5263157894736842, -1], [0.5789473684210527, -1], [0.7368421052631579, -1], [0.631578947368421, -1]], "0.4": [[0.6666666666666666, -1], [0.5714285714285714, -1], [0.6190476190476191, -1], [0.7619047619047619, -1], [0.5714285714285714, -1], [0.7142857142857143, -1], [0.6190476190476191, -1], [0.5238095238095238, -1], [0.7619047619047619, -1], [0.6666666666666666, -1]]}}